Número;Nome;Último Sinal;Situação
848284;84828448;19/07/2023 10:45;Desabilitado
848674;84867449;06/01/2023 04:08;Desabilitado
878578;8785786;05/11/2024 01:30;Ativo
890101;89010146;09/12/2023 08:31;Desabilitado
895669;89566919;16/03/2021 02:15;Desabilitado
896146;89614619;05/11/2024 07:21;Ativo
897358;8973580;05/11/2024 05:51;Ativo
897391;89739144;05/11/2024 07:16;Ativo
897595;89759518;05/11/2021 12:02;Desabilitado
899605;89960519;29/10/2024 11:32;Ativo
900974;90097445;08/02/2024 06:26;Desabilitado
902326;90232616;20/05/2022 04:02;Desabilitado
902342;90234211;30/10/2022 08:02;Desabilitado
902871;90287155;05/11/2024 07:27;Ativo
902920;90292011;04/11/2020 08:24;Desabilitado
903838;9038387;04/10/2024 02:46;Desabilitado
903841;90384134;05/11/2024 11:20;Ativo
904290;90429019;06/09/2016 04:56;Desabilitado
904752;9047522;22/12/2018 09:45;Desabilitado
904950;90495046;15/05/2024 08:17;Desabilitado
905421;90542135;05/11/2024 05:02;Ativo
905936;90593645;24/10/2017 12:13;Desabilitado
906965;9069653;01/11/2024 02:21;Ativo
907302;90730227;31/10/2024 02:08;Ativo
907496;90749646;20/10/2019 05:59;Desabilitado
908267;90826747;17/04/2018 03:12;Desabilitado
908968;90896856;05/11/2024 07:28;Ativo
909028;90902824;26/10/2024 07:29;Ativo
909409;9094091;20/05/2019 04:39;Desabilitado
909679;90967959;05/11/2024 08:59;Ativo
920291;92029129;04/11/2024 07:38;Ativo
920591;92059118;03/09/2020 06:04;Desabilitado
923201;92320141;05/11/2024 06:55;Ativo
924639;9246399;05/11/2024 07:21;Ativo
924909;92490952;05/11/2024 06:49;Ativo
926975;9269752;05/11/2024 04:24;Ativo
927153;92715312;17/07/2024 12:19;Desabilitado
927373;92737353;05/11/2024 04:43;Ativo
928660;92866019;13/03/2024 02:27;Desabilitado
929449;92944918;05/11/2024 05:37;Ativo
929582;92958249;05/04/2018 08:43;Desabilitado
931160;9311602;05/11/2024 04:58;Ativo
935636;93563611;17/07/2024 09:56;Desabilitado
938649;93864931;10/09/2024 01:28;Desabilitado
940235;94023549;05/11/2024 07:28;Ativo
941236;94123645;22/03/2018 05:02;Desabilitado
945816;94581622;05/11/2024 07:23;Ativo
948940;94894046;30/10/2018 03:13;Desabilitado
949339;94933912;11/08/2024 05:54;Desabilitado
949424;9494245;05/11/2024 06:38;Ativo
949635;94963548;21/11/2016 08:25;Desabilitado
951448;95144837;05/11/2024 03:15;Ativo
952028;9520285;01/11/2024 02:39;Ativo
952232;9522324;05/11/2024 10:26;Desabilitado
952238;95223812;05/10/2017 01:35;Desabilitado
953394;95339446;26/05/2019 11:14;Desabilitado
958233;95823346;11/11/2018 11:14;Desabilitado
958329;95832912;31/07/2024 04:41;Desabilitado
958473;95847331;05/11/2024 10:59;Ativo
958523;95852316;05/11/2024 06:40;Ativo
959261;95926146;01/10/2018 09:46;Desabilitado
961036;96103654;26/10/2024 10:56;Ativo
965931;96593111;26/07/2023 03:48;Desabilitado
966189;96618923;05/11/2024 02:21;Desabilitado
966203;96620337;05/11/2024 07:27;Ativo
966755;96675519;05/02/2022 09:42;Desabilitado
967090;96709046;27/06/2018 01:46;Desabilitado
967116;9671162;04/11/2018 07:03;Desabilitado
967192;96719244;26/09/2024 09:34;Desabilitado
967261;96726119;24/05/2021 03:25;Desabilitado
971044;97104445;09/01/2018 09:28;Desabilitado
971991;97199119;13/07/2017 09:44;Desabilitado
972285;9722853;05/11/2024 04:12;Ativo
975881;97588143;05/11/2024 03:56;Ativo
976333;97633319;04/11/2021 03:04;Desabilitado
977115;97711557;03/04/2024 01:21;Desabilitado
977229;97722949;29/07/2016 03:10;Desabilitado
980918;98091828;05/11/2024 06:28;Ativo
982243;98224345;15/11/2023 02:15;Desabilitado
982319;98231950;05/11/2024 06:55;Ativo
985398;9853980;05/11/2024 06:23;Ativo
985702;98570212;04/11/2024 12:43;Ativo
986037;98603729;05/11/2024 02:52;Ativo
986127;9861273;05/11/2024 02:41;Ativo
995377;99537756;01/03/2024 08:42;Ativo
995445;9954454;23/05/2018 08:47;Desabilitado
995680;99568049;19/12/2021 12:36;Desabilitado
998648;99864847;27/03/2022 07:34;Desabilitado
999007;99900756;29/05/2024 02:37;Desabilitado
1005699;10056994;11/09/2017 09:32;Desabilitado
1005705;100570512;14/03/2021 04:21;Desabilitado
1006407;100640729;05/11/2024 04:57;Ativo
1006938;100693812;05/09/2023 02:30;Desabilitado
1007231;100723118;21/12/2021 07:29;Desabilitado
1018614;10186148;05/11/2024 03:49;Ativo
1018658;101865831;03/11/2024 12:47;Ativo
1019243;101924312;11/08/2024 07:44;Desabilitado
1019253;101925346;02/01/2018 04:20;Desabilitado
1024659;102465931;05/11/2024 07:11;Ativo
1028229;102822946;05/11/2024 02:46;Ativo
1028388;102838857;16/07/2024 07:17;Desabilitado
1028453;102845319;14/05/2021 10:34;Desabilitado
1028609;10286093;10/10/2024 09:22;Desabilitado
1029249;10292495;05/11/2024 03:24;Ativo
1031326;103132614;05/11/2024 07:27;Ativo
1031443;103144324;05/11/2024 07:28;Ativo
1031687;103168711;04/09/2020 10:10;Desabilitado
1037593;103759325;04/11/2024 03:29;Ativo
1037777;103777717;05/11/2024 01:41;Ativo
1037980;103798044;03/01/2017 09:18;Desabilitado
1038743;103874313;04/11/2024 07:38;Ativo
1043685;104368556;03/04/2024 12:46;Desabilitado
1043802;104380212;18/10/2024 08:18;Desabilitado
1044056;104405649;06/11/2015 08:28;Desabilitado
1053657;105365745;05/11/2024 06:32;Ativo
1053702;105370233;05/11/2024 05:00;Ativo
1053787;105378759;14/08/2024 08:38;Ativo
1055296;105529616;05/11/2024 07:28;Ativo
1055337;105533745;15/06/2017 03:45;Desabilitado
1055744;10557440;02/11/2024 08:08;Ativo
1055775;105577551;11/10/2024 08:37;Desabilitado
1056198;105619821;05/11/2024 07:23;Ativo
1056200;105620019;22/09/2022 09:09;Desabilitado
1057533;10575331;05/11/2024 07:24;Ativo
1057908;105790846;13/12/2023 07:17;Desabilitado
1058053;105805315;04/11/2024 08:47;Ativo
1058941;105894120;05/11/2024 04:38;Ativo
1059216;105921657;27/10/2024 11:28;Ativo
1059255;105925528;05/11/2024 10:39;Ativo
1059278;105927825;05/11/2024 06:58;Ativo
1059627;105962749;30/10/2015 09:40;Desabilitado
1059928;105992819;20/09/2024 01:04;Desabilitado
1059979;10599797;05/11/2024 07:24;Ativo
1060105;106010511;05/10/2023 11:15;Desabilitado
1060135;10601357;05/11/2024 07:27;Ativo
1060164;106016419;12/07/2013 10:09;Desabilitado
1060390;106039034;05/11/2024 05:20;Ativo
1060485;106048511;29/03/2020 02:30;Desabilitado
1060487;106048722;04/11/2024 02:44;Ativo
1060507;106050715;20/10/2024 08:51;Desabilitado
1061057;106105736;05/11/2024 05:37;Ativo
1061076;106107613;31/08/2023 08:21;Desabilitado
1061130;10611302;05/11/2024 03:57;Ativo
1061140;106114050;08/09/2014 04:20;Ativo
1061386;10613867;26/10/2024 05:01;Desabilitado
1061503;106150312;26/07/2024 10:43;Desabilitado
1061544;10615441;05/11/2024 06:17;Ativo
1061671;106167156;07/07/2024 10:20;Desabilitado
1061704;10617042;17/12/2017 10:10;Desabilitado
1061823;10618236;02/02/2024 10:07;Desabilitado
1061910;106191020;05/11/2024 04:50;Ativo
1062050;106205037;05/11/2024 07:27;Ativo
1062098;106209853;05/11/2024 04:42;Ativo
1062431;10624312;04/12/2017 02:08;Desabilitado
1062434;106243412;05/12/2019 12:11;Desabilitado
1062507;106250748;05/11/2024 02:48;Ativo
1062650;106265055;30/10/2024 11:39;Ativo
1062689;10626899;29/03/2024 07:15;Desabilitado
1062771;10627718;01/11/2024 08:06;Ativo
1063062;106306215;27/05/2019 07:38;Desabilitado
1063169;106316914;17/09/2024 10:48;Desabilitado
1063233;106323329;05/11/2024 06:22;Ativo
1063284;106328412;23/09/2023 01:27;Desabilitado
1063373;106337322;14/10/2024 03:02;Desabilitado
1064777;106477722;04/11/2024 04:41;Ativo
1064932;106493244;15/01/2020 10:03;Desabilitado
1065030;106503046;05/11/2024 10:43;Ativo
1065131;106513127;30/10/2024 12:47;Desabilitado
1065350;106535046;01/12/2016 10:28;Desabilitado
1065354;106535458;21/08/2024 06:56;Desabilitado
1065675;106567519;10/06/2022 09:51;Desabilitado
1065694;106569453;02/11/2024 06:17;Ativo
1065704;106570436;03/04/2024 05:33;Desabilitado
1065743;106574347;05/11/2024 07:28;Ativo
1065771;106577120;05/11/2024 07:26;Ativo
1065791;106579115;11/10/2022 04:26;Desabilitado
1065898;106589849;03/11/2024 03:08;Ativo
1066069;106606947;08/01/2018 05:15;Desabilitado
1066138;106613851;04/11/2024 11:15;Ativo
1066413;106641313;16/04/2024 09:56;Desabilitado
1066426;106642645;05/01/2024 11:21;Desabilitado
1068490;106849033;31/10/2024 11:49;Ativo
1068986;106898613;17/05/2024 02:51;Desabilitado
1069283;106928311;19/03/2022 11:57;Desabilitado
1069733;106973349;18/10/2024 10:45;Desabilitado
1069836;106983614;13/04/2024 11:03;Desabilitado
1069919;106991948;30/10/2024 08:29;Ativo
1069979;106997910;05/11/2024 05:24;Ativo
1069981;10699812;23/08/2024 11:41;Desabilitado
1069985;106998532;12/10/2024 02:44;Desabilitado
1070057;107005713;10/05/2024 02:51;Desabilitado
1070067;107006734;05/11/2024 07:28;Ativo
1070164;107016452;04/11/2024 09:53;Ativo
1070224;107022412;13/08/2024 07:54;Desabilitado
1070229;107022911;05/11/2024 12:15;Ativo
1070811;107081148;01/10/2021 06:55;Desabilitado
1070882;107088254;05/11/2024 07:26;Ativo
1070951;107095158;02/11/2024 09:30;Ativo
1070991;107099156;30/09/2024 11:08;Desabilitado
1071117;107111722;05/11/2024 07:03;Ativo
1072620;107262051;05/11/2024 03:37;Ativo
1073361;107336116;05/11/2024 06:30;Ativo
1073520;10735207;02/11/2024 11:56;Ativo
1073602;107360211;19/06/2023 05:07;Desabilitado
1073728;10737289;21/08/2024 05:36;Desabilitado
1075084;107508428;31/10/2024 09:40;Ativo
1075114;107511411;05/11/2024 02:14;Ativo
1075188;107518844;04/11/2024 06:16;Ativo
1075332;107533224;31/10/2024 01:15;Ativo
1076575;107657555;02/11/2024 05:09;Ativo
1076604;107660412;05/11/2024 03:25;Ativo
1076744;10767447;07/06/2024 08:43;Desabilitado
1076827;107682749;15/10/2024 08:27;Desabilitado
1077081;107708149;05/11/2024 04:45;Ativo
1077098;107709846;23/10/2023 09:37;Desabilitado
1077581;107758119;05/11/2024 01:07;Ativo
1077819;107781923;05/11/2024 07:28;Ativo
1077821;107782155;13/09/2024 09:34;Desabilitado
1078026;107802623;02/11/2024 03:20;Ativo
1078040;107804034;04/11/2024 11:22;Ativo
1078246;10782469;28/03/2024 04:19;Desabilitado
1078354;107835420;12/10/2024 03:50;Desabilitado
1078437;107843725;13/09/2024 07:07;Desabilitado
1078784;10787849;28/03/2024 06:38;Desabilitado
1078845;10788455;28/10/2024 01:51;Ativo
1079032;107903230;05/11/2024 01:13;Ativo
1079091;107909127;05/11/2024 05:00;Ativo
1079202;107920222;04/11/2024 08:47;Ativo
1079427;107942752;05/11/2024 07:26;Ativo
1079459;107945912;01/11/2022 03:35;Desabilitado
1079496;107949649;05/11/2024 06:57;Ativo
1079550;107955036;05/11/2024 06:07;Ativo
1079553;107955324;05/11/2024 12:23;Ativo
1080075;10800750;05/11/2024 07:28;Ativo
1080092;108009218;26/03/2022 04:27;Desabilitado
1080215;108021554;26/03/2024 02:39;Desabilitado
1080519;108051928;05/11/2024 05:12;Ativo
1080534;108053418;08/03/2022 01:47;Desabilitado
1080606;10806060;05/11/2024 04:28;Ativo
1081181;108118133;05/11/2024 06:39;Ativo
1081214;108121418;05/11/2024 06:54;Ativo
1081327;108132751;28/10/2024 03:51;Ativo
1081474;108147419;12/10/2018 11:30;Desabilitado
1081569;108156935;02/11/2024 09:12;Ativo
1081705;108170549;04/04/2023 05:10;Ativo
1082354;108235413;14/04/2024 12:33;Desabilitado
1082519;108251913;15/04/2024 08:10;Desabilitado
1082564;108256439;01/06/2020 06:15;Desabilitado
1082577;108257714;23/06/2024 05:49;Desabilitado
1082721;108272145;08/11/2017 09:21;Desabilitado
1082727;108272728;05/11/2024 07:23;Ativo
1082771;10827711;05/11/2024 07:00;Ativo
1082777;108277745;12/10/2019 08:08;Desabilitado
1082873;108287333;05/11/2024 06:03;Ativo
1082945;108294519;16/03/2024 07:52;Desabilitado
1083113;108311331;05/11/2024 02:00;Ativo
1083165;108316556;05/11/2024 07:23;Ativo
1083297;108329746;25/04/2019 03:53;Desabilitado
1084033;108403356;04/11/2024 06:07;Ativo
1084052;108405240;04/11/2024 08:21;Ativo
1084221;10842212;25/01/2018 12:36;Desabilitado
1084284;108428418;27/02/2021 09:20;Desabilitado
1084380;108438044;03/06/2019 09:19;Desabilitado
1084439;108443914;05/11/2024 07:11;Ativo
1084476;108447649;05/11/2024 07:06;Ativo
1084557;10845577;04/10/2024 09:28;Desabilitado
1084662;108466259;05/11/2024 07:27;Ativo
1084839;108483920;29/08/2024 02:01;Desabilitado
1085298;108529819;04/11/2024 03:41;Ativo
1085541;108554110;14/10/2024 10:15;Desabilitado
1085639;108563956;05/11/2024 12:17;Ativo
1085756;108575643;02/11/2024 02:04;Ativo
1086055;108605519;05/11/2024 07:28;Ativo
1086058;108605812;05/09/2022 04:33;Desabilitado
1086287;108628739;01/11/2024 04:41;Ativo
1086477;10864775;05/11/2024 06:06;Ativo
1086487;108648758;02/11/2024 07:57;Ativo
1087196;108719643;05/11/2024 07:28;Ativo
1087415;108741516;05/11/2024 02:52;Ativo
1087475;108747535;07/10/2024 12:32;Desabilitado
1087483;108748319;05/03/2024 02:24;Desabilitado
1087574;108757416;21/10/2024 02:46;Desabilitado
1087748;108774846;16/11/2019 12:32;Desabilitado
1088219;108821919;05/11/2024 06:57;Ativo
1088328;108832850;05/11/2024 04:43;Ativo
1088410;108841012;14/06/2024 06:20;Desabilitado
1088550;108855055;24/10/2024 04:13;Desabilitado
1088750;108875012;05/11/2024 05:38;Ativo
1088769;108876919;18/06/2015 04:48;Desabilitado
1088798;10887988;05/11/2024 07:08;Ativo
1088973;108897335;04/11/2024 06:53;Ativo
1089001;108900119;26/11/2017 04:59;Desabilitado
1089270;108927050;30/09/2024 04:15;Desabilitado
1089597;108959712;05/11/2024 03:45;Ativo
1089707;10897076;29/01/2024 10:10;Desabilitado
1089814;108981443;04/11/2024 11:54;Ativo
1089934;108993411;28/09/2023 04:01;Desabilitado
1089980;108998049;05/11/2024 07:12;Ativo
1090014;109001412;05/11/2024 07:26;Ativo
1090071;10900717;29/12/2023 05:14;Desabilitado
1090461;109046123;05/11/2024 04:52;Ativo
1090594;109059412;26/07/2024 10:39;Ativo
1090693;109069313;17/06/2024 02:59;Desabilitado
1090697;10906974;05/11/2024 07:25;Ativo
1090746;10907469;05/11/2024 07:27;Ativo
1090817;109081754;05/11/2024 07:22;Ativo
1091170;109117017;29/10/2024 12:05;Ativo
1091187;109118744;08/05/2018 03:32;Desabilitado
1091189;109118918;03/12/2017 03:44;Desabilitado
1091217;109121718;07/08/2020 12:33;Desabilitado
1091225;109122533;08/10/2024 02:34;Desabilitado
1091302;109130212;17/01/2022 03:30;Desabilitado
1091309;109130919;26/08/2024 07:48;Desabilitado
1091315;109131547;05/11/2024 07:27;Ativo
1091325;109132530;29/07/2018 08:26;Desabilitado
1091358;109135824;05/11/2024 07:26;Ativo
1091393;109139320;05/11/2024 07:06;Ativo
1091474;109147441;04/11/2024 05:52;Ativo
1091483;109148345;26/04/2019 02:11;Desabilitado
1091485;10914852;01/02/2019 04:04;Desabilitado
1091552;109155232;02/11/2024 07:06;Ativo
1091553;109155320;31/12/1969 09:00;Desabilitado
1091645;109164545;14/05/2018 11:44;Desabilitado
1091683;109168357;31/10/2024 11:30;Desabilitado
1091716;109171613;18/01/2023 03:30;Desabilitado
1091730;109173045;08/07/2018 02:41;Desabilitado
1091733;109173319;30/01/2022 02:06;Desabilitado
1091763;109176312;19/03/2022 04:14;Desabilitado
1091790;109179045;31/07/2018 09:50;Desabilitado
1091793;109179319;02/07/2021 09:19;Desabilitado
1091814;109181411;05/11/2024 07:27;Ativo
1091833;109183317;05/11/2024 04:22;Ativo
1091836;109183657;23/03/2024 02:04;Desabilitado
1092011;109201149;05/11/2024 07:22;Ativo
1092209;10922097;07/01/2024 08:39;Desabilitado
1092366;109236613;27/06/2024 03:59;Desabilitado
1092509;109250919;30/10/2018 06:21;Desabilitado
1092578;109257848;16/11/2016 06:06;Desabilitado
1092610;10926100;18/02/2020 03:41;Desabilitado
1092721;109272148;20/08/2016 11:16;Desabilitado
1092823;109282318;22/12/2016 09:08;Desabilitado
1093244;109324424;05/11/2024 07:05;Ativo
1093266;10932668;05/11/2024 07:06;Ativo
1093277;109327725;02/11/2024 07:44;Ativo
1093322;109332218;24/05/2020 12:11;Desabilitado
1093421;109342120;30/10/2024 03:04;Ativo
1093473;109347345;29/10/2023 01:23;Desabilitado
1093579;109357939;05/11/2024 01:36;Ativo
1093581;109358135;05/11/2024 04:42;Ativo
1093786;109378643;26/09/2024 06:16;Desabilitado
1093794;109379420;05/11/2024 10:12;Ativo
1093883;109388312;07/12/2021 12:09;Desabilitado
1093898;109389829;04/11/2024 06:49;Ativo
1093940;109394016;10/10/2022 03:42;Desabilitado
1093995;109399511;05/09/2023 03:08;Desabilitado
1094052;109405217;05/11/2024 07:18;Ativo
1094062;109406256;26/02/2024 03:19;Desabilitado
1094127;10941272;05/11/2024 11:27;Ativo
1094159;109415918;04/10/2022 09:37;Desabilitado
1094161;109416155;04/11/2024 01:01;Ativo
1094164;109416417;17/10/2024 05:22;Desabilitado
1094211;109421143;05/11/2024 07:27;Ativo
1094486;10944866;03/11/2024 12:43;Ativo
1094536;10945367;12/07/2024 02:38;Ativo
1094787;109478719;07/05/2020 11:16;Desabilitado
1094797;10947976;05/11/2024 07:12;Ativo
1095087;109508752;05/11/2024 06:29;Ativo
1095138;109513843;27/07/2024 05:00;Ativo
1095206;109520633;03/11/2024 09:31;Ativo
1095304;109530430;01/05/2021 05:00;Desabilitado
1095750;109575020;05/11/2024 07:10;Ativo
1095983;109598345;11/11/2017 05:55;Desabilitado
1096290;10962904;05/11/2024 07:26;Ativo
1096292;10962927;04/01/2024 10:41;Desabilitado
1096597;10965975;16/10/2024 10:02;Desabilitado
1096661;109666115;28/03/2022 09:06;Desabilitado
1096855;109685511;25/02/2022 04:16;Desabilitado
1097049;109704957;05/11/2024 07:15;Ativo
1097257;109725712;05/11/2024 06:03;Ativo
1097273;109727355;05/11/2024 04:37;Ativo
1097314;10973148;02/11/2024 10:53;Ativo
1097332;109733210;04/11/2024 10:14;Desabilitado
1097338;109733815;05/11/2024 02:52;Ativo
1097349;109734957;01/11/2024 06:38;Desabilitado
1097447;10974470;05/11/2024 06:47;Ativo
1097477;109747712;11/04/2024 10:50;Desabilitado
1097599;109759944;28/09/2019 11:04;Desabilitado
1097774;109777454;31/08/2024 08:20;Desabilitado
1097865;10978651;24/02/2020 11:54;Desabilitado
1098435;10984353;05/11/2024 03:24;Ativo
1098509;109850910;05/11/2024 06:32;Ativo
1098530;10985308;05/11/2024 02:22;Ativo
1098731;109873157;11/10/2024 02:57;Desabilitado
1098757;109875727;03/11/2024 09:57;Ativo
1098957;109895740;05/11/2024 11:06;Ativo
1098970;109897051;05/11/2024 07:08;Ativo
1099086;109908611;02/10/2022 02:24;Desabilitado
1099093;10990932;09/01/2018 12:30;Desabilitado
1099309;109930933;05/11/2024 07:04;Ativo
1099373;109937347;23/12/2018 02:05;Desabilitado
1099555;109955549;10/06/2016 10:13;Desabilitado
1100091;110009152;05/11/2024 06:54;Ativo
1100152;11001524;17/07/2017 12:50;Desabilitado
1100239;110023957;05/11/2024 04:13;Ativo
1100560;110056045;05/11/2024 06:57;Ativo
1100710;11007107;22/10/2024 06:07;Ativo
1100916;110091619;26/10/2018 02:52;Desabilitado
1101016;110101617;05/11/2024 01:32;Ativo
1101211;11012111;05/11/2024 06:30;Ativo
1101223;110122317;04/11/2024 03:40;Ativo
1101317;110131711;31/10/2024 05:18;Ativo
1101334;110133452;03/11/2024 01:41;Ativo
1101635;110163516;05/11/2024 07:14;Ativo
1101761;11017611;05/11/2024 05:31;Ativo
1101982;110198213;07/01/2023 07:21;Desabilitado
1102172;11021720;04/11/2024 04:31;Ativo
1102187;110218746;21/12/2023 11:04;Desabilitado
1102545;110254516;29/03/2022 07:30;Desabilitado
1102615;110261510;03/11/2024 08:54;Ativo
1102737;110273725;28/10/2024 04:32;Ativo
1102763;110276311;04/11/2024 02:26;Ativo
1103089;110308951;05/11/2024 08:10;Desabilitado
1103189;110318925;05/11/2024 07:06;Ativo
1103378;110337846;06/09/2019 03:57;Desabilitado
1103416;110341619;23/02/2024 10:18;Desabilitado
1103940;110394046;02/12/2019 08:36;Desabilitado
1104139;110413943;01/11/2024 03:04;Ativo
1104659;110465916;05/11/2024 09:30;Ativo
1104752;110475253;28/09/2024 09:58;Desabilitado
1104907;110490749;28/06/2022 02:32;Desabilitado
1104909;110490945;05/11/2024 10:10;Ativo
1105217;110521712;05/11/2024 04:17;Ativo
1105249;110524945;06/02/2024 11:27;Desabilitado
1105399;110539932;11/08/2024 01:51;Ativo
1105633;110563318;05/11/2024 04:47;Ativo
1105728;110572849;05/11/2024 08:21;Ativo
1105773;11057733;05/11/2024 11:02;Ativo
1105819;110581947;26/04/2018 11:25;Desabilitado
1105940;110594051;04/11/2024 05:03;Ativo
1105972;110597213;17/04/2020 06:30;Desabilitado
1106023;110602312;01/10/2018 08:41;Desabilitado
1106364;11063642;31/01/2019 02:13;Desabilitado
1106381;110638115;04/11/2024 01:32;Ativo
1106573;11065734;05/11/2024 06:35;Ativo
1106816;110681619;28/06/2020 12:09;Desabilitado
1107097;11070974;02/11/2024 11:05;Ativo
1107135;110713549;01/03/2023 11:00;Desabilitado
1107182;110718257;05/11/2024 03:34;Ativo
1107256;110725647;24/10/2024 10:23;Desabilitado
1107262;110726211;25/03/2022 12:59;Desabilitado
1107271;110727147;05/11/2024 04:19;Ativo
1107282;11072820;05/11/2024 07:16;Ativo
1107306;110730648;05/11/2024 04:21;Ativo
1107403;110740356;05/11/2024 09:40;Ativo
1107682;110768212;29/06/2020 04:21;Desabilitado
1107965;110796518;10/03/2022 08:00;Desabilitado
1107968;110796839;05/11/2024 04:33;Ativo
1108093;110809345;09/03/2018 12:43;Desabilitado
1108129;11081293;05/11/2024 05:20;Ativo
1108142;110814218;02/11/2024 01:07;Ativo
1108398;110839813;04/10/2023 01:01;Desabilitado
1108576;110857613;04/04/2024 12:18;Desabilitado
1108805;110880534;05/11/2024 09:07;Ativo
1108893;110889323;02/11/2024 07:01;Ativo
1108959;110895946;04/12/2019 09:10;Desabilitado
1109046;110904612;26/07/2024 10:47;Ativo
1109054;110905432;05/11/2024 07:52;Ativo
1109085;110908544;31/07/2016 01:48;Desabilitado
1109131;110913111;25/01/2023 01:33;Desabilitado
1109305;110930513;18/05/2018 12:11;Desabilitado
1109323;110932344;15/03/2017 08:57;Desabilitado
1109379;110937929;05/11/2024 12:13;Ativo
1109387;110938725;05/11/2024 07:25;Ativo
1109418;11094184;05/02/2017 08:53;Desabilitado
1109551;11095511;17/02/2021 02:51;Desabilitado
1109589;110958945;10/02/2018 12:28;Desabilitado
1109591;110959145;05/04/2018 01:43;Desabilitado
1109639;110963919;31/10/2024 05:05;Desabilitado
1110242;111024219;04/11/2024 11:54;Ativo
1110286;111028613;31/10/2024 11:20;Ativo
1110322;111032213;04/10/2019 03:07;Desabilitado
1110427;111042712;31/03/2024 08:57;Desabilitado
1110570;111057058;09/10/2024 03:05;Desabilitado
1110632;111063220;10/10/2024 01:20;Desabilitado
1110667;111066733;05/11/2024 05:43;Ativo
1110686;111068618;05/11/2024 03:44;Ativo
1110876;111087651;05/11/2024 10:52;Ativo
1110915;111091549;18/04/2023 07:45;Desabilitado
1111023;11110231;05/11/2024 06:52;Ativo
1111153;111115312;25/03/2022 11:21;Desabilitado
1111261;11112611;05/11/2024 12:45;Ativo
1111467;11114679;05/11/2024 07:27;Ativo
1111487;111148712;05/11/2024 03:32;Ativo
1111802;111180249;21/10/2024 02:25;Desabilitado
1111854;111185444;10/06/2019 01:07;Desabilitado
1111876;111187637;05/11/2024 03:41;Ativo
1112025;111202512;22/08/2021 09:56;Desabilitado
1112164;111216448;04/12/2022 06:31;Desabilitado
1112902;111290233;04/11/2024 11:26;Ativo
1113214;111321417;13/09/2024 11:30;Desabilitado
1113322;111332245;05/11/2024 04:19;Ativo
1113437;11134377;05/11/2024 06:52;Ativo
1113498;111349844;25/10/2024 01:11;Desabilitado
1113721;111372155;05/11/2024 05:11;Ativo
1113952;111395230;05/11/2024 03:16;Ativo
1114029;11140293;04/11/2024 10:36;Ativo
1114116;111411619;05/11/2024 03:43;Ativo
1114140;11141407;05/11/2024 06:29;Ativo
1114154;111415458;05/11/2024 06:09;Ativo
1114217;111421758;05/11/2024 05:03;Ativo
1114341;111434133;05/11/2024 09:56;Ativo
1114533;11145334;11/08/2021 04:24;Desabilitado
1114554;111455446;20/02/2024 01:54;Desabilitado
1114584;111458413;05/11/2024 05:35;Ativo
1114591;111459144;05/11/2024 11:44;Ativo
1114612;111461253;05/11/2024 07:22;Ativo
1114620;111462023;05/11/2024 10:31;Ativo
1114659;111465920;01/11/2024 11:16;Ativo
1114789;111478914;29/04/2024 01:23;Desabilitado
1114836;11148364;08/06/2020 08:25;Desabilitado
1114849;111484919;03/09/2023 04:15;Desabilitado
1114870;111487012;17/06/2024 01:16;Ativo
1114916;111491613;08/04/2017 08:42;Desabilitado
1115315;11153158;29/10/2024 01:20;Ativo
1115432;111543216;05/11/2024 08:40;Ativo
1115712;11157126;03/11/2024 11:03;Ativo
1115719;111571940;05/11/2024 05:09;Ativo
1115765;111576528;05/11/2024 06:56;Ativo
1115817;111581757;05/11/2024 07:27;Ativo
1115819;111581913;23/03/2017 11:01;Desabilitado
1115838;11158389;05/11/2024 04:54;Ativo
1115841;111584145;27/10/2023 12:16;Desabilitado
1115851;111585111;05/11/2024 04:20;Ativo
1116019;111601932;01/11/2024 07:34;Ativo
1116028;111602813;06/02/2022 03:27;Desabilitado
1116038;111603846;16/08/2019 01:38;Desabilitado
1116061;111606139;05/11/2024 01:39;Ativo
1116147;111614719;05/11/2024 06:34;Ativo
1116579;111657945;03/01/2019 06:20;Desabilitado
1116580;111658043;04/11/2024 05:26;Ativo
1116581;111658149;14/05/2023 07:55;Desabilitado
1116596;111659615;01/11/2017 01:32;Desabilitado
1116601;11166011;04/11/2024 02:39;Ativo
1116630;111663029;05/11/2024 03:29;Ativo
1116888;111688828;05/11/2024 07:25;Ativo
1116955;111695541;12/09/2024 11:14;Desabilitado
1116981;111698138;05/11/2024 07:01;Ativo
1117018;111701819;05/11/2024 06:46;Ativo
1117021;111702113;23/06/2024 10:29;Desabilitado
1117199;111719939;01/11/2024 02:16;Ativo
1117252;111725213;05/11/2024 07:09;Ativo
1117311;111731146;05/11/2024 07:25;Ativo
1117532;111753215;04/11/2024 05:02;Ativo
1117817;111781712;22/10/2024 09:44;Ativo
1117866;111786646;31/10/2024 01:55;Ativo
1118249;11182497;05/11/2024 03:43;Ativo
1118296;111829616;18/02/2019 05:22;Desabilitado
1118298;111829830;05/11/2024 10:03;Ativo
1118331;111833112;19/04/2019 11:37;Desabilitado
1118365;111836522;05/11/2024 07:25;Ativo
1118410;111841053;05/11/2024 02:09;Ativo
1118492;111849242;05/11/2024 01:27;Ativo
1118560;111856018;23/08/2023 10:48;Desabilitado
1118609;111860954;03/10/2024 07:40;Desabilitado
1118631;111863157;03/11/2024 06:11;Ativo
1118965;111896512;29/07/2024 09:59;Ativo
1119036;111903650;02/08/2022 09:52;Desabilitado
1119163;111916346;19/12/2018 10:47;Desabilitado
1119193;111919357;02/11/2024 04:35;Ativo
1119279;11192793;05/11/2024 06:49;Ativo
1119411;111941138;05/11/2024 07:24;Ativo
1119458;111945811;22/10/2024 08:17;Ativo
1119537;111953739;06/10/2024 12:05;Desabilitado
1119772;111977258;05/11/2024 07:11;Ativo
1119787;111978718;24/07/2020 09:48;Desabilitado
1119863;111986359;01/11/2024 01:52;Ativo
1120091;112009120;05/11/2024 04:17;Ativo
1120119;112011920;05/11/2024 02:52;Ativo
1120126;112012628;06/10/2024 08:03;Ativo
1120366;112036627;05/11/2024 06:44;Ativo
1120653;112065316;04/12/2019 11:27;Desabilitado
1120748;112074830;05/11/2024 05:20;Ativo
1120778;112077812;06/07/2024 05:42;Ativo
1121076;112107630;03/11/2024 03:50;Ativo
1121298;112129821;23/10/2024 07:27;Ativo
1121315;112131547;05/11/2024 05:15;Ativo
1121321;112132153;04/11/2024 01:00;Ativo
1121334;112133419;05/11/2024 02:09;Ativo
1121344;112134423;05/11/2024 06:48;Ativo
1121373;11213738;06/07/2023 11:44;Ativo
1121447;11214473;04/11/2024 04:39;Ativo
1121656;112165619;05/11/2024 04:41;Ativo
1121673;11216732;18/02/2019 10:42;Desabilitado
1122015;112201519;05/11/2024 09:35;Ativo
1122019;11220195;07/09/2024 03:53;Desabilitado
1122103;112210318;10/03/2024 06:40;Desabilitado
1122174;112217419;02/04/2021 09:40;Desabilitado
1122189;112218948;29/10/2015 04:00;Desabilitado
1122246;112224651;04/11/2024 11:05;Ativo
1122277;112227724;22/03/2024 03:25;Desabilitado
1122338;112233847;06/04/2018 03:16;Desabilitado
1122424;112242449;24/10/2024 04:49;Ativo
1122482;112248213;27/02/2020 02:02;Desabilitado
1122532;112253216;28/01/2020 07:11;Desabilitado
1122685;112268519;20/01/2024 05:14;Desabilitado
1127963;112796331;05/11/2024 07:19;Ativo
1127979;112797944;01/11/2024 04:46;Ativo
1128181;112818123;23/10/2024 08:22;Ativo
1128205;112820550;23/12/2015 05:17;Desabilitado
1128215;112821515;06/11/2018 04:41;Desabilitado
1128233;112823312;11/08/2017 01:21;Desabilitado
1128236;112823648;27/10/2015 05:14;Desabilitado
1128241;112824111;31/01/2021 02:39;Desabilitado
1128384;11283846;01/06/2024 11:36;Desabilitado
1128852;11288525;05/11/2024 07:27;Ativo
1128917;112891740;02/11/2024 02:02;Ativo
1129151;112915130;29/10/2024 03:20;Ativo
1129320;11293204;05/11/2024 05:10;Ativo
1129350;11293504;05/11/2024 07:26;Ativo
1129491;112949146;05/11/2024 07:25;Ativo
1129538;112953810;05/11/2024 04:12;Ativo
1129582;112958216;01/02/2020 10:27;Desabilitado
1129653;112965351;05/11/2024 04:28;Ativo
1129707;112970749;22/09/2022 10:50;Desabilitado
1129761;11297613;30/10/2024 03:28;Ativo
1129858;112985856;17/04/2024 02:28;Desabilitado
1129862;11298624;05/11/2024 05:37;Ativo
1130008;113000846;19/02/2024 12:22;Desabilitado
1130016;113001649;10/11/2022 12:31;Desabilitado
1130130;11301307;01/11/2024 10:54;Ativo
1130284;113028411;01/07/2020 08:41;Desabilitado
1130854;113085416;20/01/2020 02:39;Desabilitado
1130943;113094358;31/10/2024 05:56;Ativo
1130970;113097048;05/06/2016 02:11;Desabilitado
1130980;113098056;05/11/2024 10:36;Ativo
1131101;113110148;30/10/2024 02:39;Ativo
1131116;113111642;29/10/2024 04:47;Ativo
1131207;113120743;05/11/2024 07:27;Ativo
1131295;113129543;05/11/2024 06:45;Ativo
1131549;113154924;05/11/2024 06:13;Ativo
1131562;113156231;08/09/2024 02:25;Desabilitado
1131564;113156411;08/11/2021 03:44;Desabilitado
1131638;113163823;05/11/2024 07:28;Ativo
1131643;113164346;09/12/2023 11:24;Desabilitado
1131692;113169233;05/11/2024 05:49;Ativo
1131722;11317228;04/11/2024 04:53;Ativo
1131768;113176812;10/12/2021 08:29;Desabilitado
1131814;113181442;05/11/2024 04:07;Ativo
1131902;113190239;05/11/2024 06:43;Ativo
1131914;113191421;05/11/2024 09:34;Ativo
1132001;11320011;05/11/2024 04:53;Ativo
1132068;11320684;10/09/2018 04:01;Desabilitado
1132319;11323198;05/11/2024 07:25;Ativo
1132355;113235512;24/07/2024 06:37;Desabilitado
1132446;113244651;05/11/2024 07:28;Ativo
1132495;113249554;05/11/2024 06:42;Ativo
1132527;113252752;05/11/2024 12:07;Ativo
1132558;11325584;03/11/2024 05:35;Ativo
1132580;113258059;16/05/2024 02:46;Desabilitado
1132585;113258556;04/11/2024 12:19;Ativo
1132702;113270249;20/03/2022 04:26;Desabilitado
1133257;113325716;27/01/2020 01:17;Desabilitado
1133387;11333875;23/09/2024 09:05;Desabilitado
1133388;113338841;04/11/2024 08:57;Ativo
1133418;113341848;18/05/2023 02:36;Desabilitado
1133456;113345617;05/11/2024 07:24;Ativo
1133581;113358112;20/06/2020 07:04;Desabilitado
1133706;113370644;05/11/2024 01:08;Ativo
1133744;113374442;05/11/2024 07:24;Ativo
1133876;113387653;05/11/2024 07:12;Ativo
1133963;113396315;23/06/2022 02:16;Desabilitado
1134118;113411815;20/02/2020 03:09;Desabilitado
1134586;113458637;03/11/2024 06:30;Ativo
1134637;113463749;17/11/2022 06:07;Desabilitado
1135017;113501710;05/11/2024 07:28;Ativo
1135152;113515248;25/05/2023 08:50;Desabilitado
1135499;11354994;05/11/2024 02:16;Ativo
1135503;113550344;19/07/2016 12:18;Desabilitado
1135570;113557013;24/10/2024 04:58;Ativo
1135632;113563219;18/10/2024 02:10;Ativo
1135887;113588711;11/01/2022 07:56;Desabilitado
1135902;113590249;07/07/2023 03:03;Desabilitado
1136066;113606613;13/05/2021 01:04;Desabilitado
1136122;113612211;28/03/2022 04:21;Desabilitado
1136263;113626329;03/11/2024 05:30;Ativo
1136276;113627613;05/11/2024 04:03;Ativo
1136277;113627711;09/01/2017 10:48;Desabilitado
1136481;113648111;26/08/2016 03:04;Desabilitado
1136803;11368033;05/11/2024 07:20;Ativo
1136839;113683913;06/05/2024 11:23;Desabilitado
1137056;113705611;11/11/2020 04:48;Desabilitado
1137147;113714747;05/11/2024 07:24;Ativo
1137153;11371532;05/10/2018 08:37;Desabilitado
1137310;113731042;31/10/2024 04:36;Ativo
1137336;11373360;22/09/2020 08:03;Desabilitado
1137351;113735123;05/11/2024 06:43;Ativo
1137375;113737512;06/03/2020 10:51;Desabilitado
1137405;113740514;05/11/2024 10:33;Ativo
1137427;113742755;22/10/2024 05:41;Ativo
1137530;113753059;05/11/2024 11:38;Ativo
1137554;113755423;05/11/2024 06:18;Ativo
1137593;113759310;05/11/2024 09:06;Ativo
1137629;113762926;03/11/2024 04:30;Ativo
1137634;113763449;05/11/2024 07:24;Ativo
1137690;113769029;05/11/2024 07:01;Ativo
1137700;113770056;23/02/2024 02:30;Desabilitado
1137701;113770144;29/10/2024 10:16;Ativo
1137768;113776857;15/07/2024 04:39;Ativo
1138040;11380404;26/10/2024 11:25;Ativo
1138152;113815225;05/11/2024 05:13;Ativo
1138266;113826625;05/11/2024 06:44;Ativo
1138352;113835249;24/10/2024 12:24;Ativo
1138379;113837913;05/11/2024 05:11;Ativo
1138433;11384330;29/08/2024 09:21;Desabilitado
1138712;113871241;05/11/2024 07:27;Ativo
1138798;11387987;05/11/2024 01:41;Ativo
1138910;113891044;05/11/2024 05:01;Ativo
1139045;113904518;12/07/2024 04:09;Ativo
1139072;113907256;14/10/2024 01:54;Desabilitado
1139399;113939948;16/09/2022 02:06;Desabilitado
1139601;113960115;05/11/2024 08:32;Ativo
1139626;11396260;17/10/2024 02:21;Ativo
1139823;11398232;20/10/2024 07:50;Ativo
1140094;114009415;04/04/2024 03:21;Desabilitado
1140106;11401061;05/11/2024 05:11;Ativo
1140107;11401074;05/11/2024 07:27;Ativo
1140128;114012855;23/08/2024 09:06;Desabilitado
1140445;11404454;14/11/2017 07:46;Desabilitado
1140464;114046448;24/07/2023 11:19;Desabilitado
1140484;114048445;21/02/2019 08:35;Desabilitado
1140606;114060642;02/11/2024 07:54;Ativo
1140642;114064224;05/11/2024 03:10;Ativo
1140682;114068248;13/06/2016 06:24;Desabilitado
1140782;114078230;02/11/2024 02:45;Ativo
1140856;114085615;05/11/2024 03:28;Ativo
1140916;114091637;05/11/2024 01:30;Ativo
1141136;114113612;27/03/2020 03:38;Desabilitado
1141160;114116034;08/09/2024 05:08;Desabilitado
1141235;11412355;28/03/2023 02:19;Desabilitado
1141360;11413602;22/03/2019 08:13;Desabilitado
1141384;114138456;16/07/2024 11:27;Desabilitado
1141385;114138545;07/02/2024 02:42;Desabilitado
1141508;114150819;08/03/2024 10:40;Desabilitado
1141511;114151125;15/05/2024 05:39;Desabilitado
1141558;11415580;11/10/2024 07:47;Desabilitado
1141560;114156013;13/10/2024 03:40;Desabilitado
1141562;114156212;02/11/2024 07:57;Ativo
1141619;114161914;29/04/2017 04:35;Desabilitado
1141734;114173449;31/08/2016 01:55;Desabilitado
1141888;114188820;05/11/2024 06:42;Ativo
1141893;114189317;05/11/2024 05:12;Ativo
1141909;114190932;30/10/2024 10:36;Ativo
1141917;114191745;23/04/2018 12:12;Desabilitado
1141933;114193316;22/01/2018 11:40;Desabilitado
1142146;114214613;06/04/2024 10:34;Desabilitado
1142302;114230212;19/08/2021 01:05;Desabilitado
1142318;114231856;05/11/2024 03:36;Ativo
1142340;114234045;06/01/2019 01:08;Desabilitado
1142346;114234619;20/09/2023 04:53;Desabilitado
1142563;11425635;15/02/2022 05:17;Desabilitado
1142598;114259821;28/08/2024 12:00;Desabilitado
1142748;11427483;05/11/2024 07:02;Ativo
1142939;114293956;05/11/2024 07:28;Ativo
1142961;114296144;22/12/2023 07:30;Desabilitado
1142982;114298245;28/05/2018 03:46;Desabilitado
1143027;11430279;14/05/2024 03:32;Desabilitado
1143145;114314556;05/11/2024 06:30;Ativo
1143258;114325823;02/11/2024 09:36;Desabilitado
1143343;114334335;23/08/2024 02:09;Desabilitado
1143360;114336024;29/10/2024 02:36;Ativo
1143470;114347024;05/11/2024 07:24;Ativo
1143508;11435089;28/03/2024 02:56;Desabilitado
1143671;114367120;05/11/2024 03:06;Ativo
1143794;114379439;05/11/2024 07:25;Ativo
1143928;114392845;12/11/2023 10:21;Desabilitado
1144103;114410339;28/10/2024 05:41;Ativo
1144267;114426742;05/11/2024 03:32;Ativo
1144278;114427819;14/03/2024 10:27;Desabilitado
1144281;114428121;05/11/2024 07:27;Ativo
1144299;114429941;05/11/2024 06:51;Ativo
1144302;114430221;05/11/2024 02:39;Ativo
1144320;114432012;09/04/2024 01:29;Desabilitado
1144328;114432856;05/11/2024 05:54;Ativo
1144360;114436058;16/08/2024 02:55;Ativo
1144367;114436759;03/11/2024 11:56;Ativo
1144400;114440020;05/11/2024 06:42;Ativo
1144571;114457111;25/06/2020 11:58;Ativo
1144619;114461929;04/11/2024 06:00;Ativo
1144635;114463512;05/11/2024 06:30;Ativo
1144910;114491046;31/10/2024 07:28;Ativo
1144999;114499911;10/09/2024 06:07;Ativo
1145015;11450158;05/11/2024 06:49;Ativo
1145047;11450477;05/11/2024 07:23;Ativo
1145107;114510712;05/11/2024 07:23;Ativo
1145130;114513035;05/11/2024 07:25;Ativo
1145245;114524537;05/11/2024 01:49;Ativo
1145276;114527612;01/11/2024 02:24;Ativo
1145287;114528739;05/11/2024 11:04;Ativo
1145540;114554016;05/11/2024 06:33;Ativo
1145685;11456853;05/11/2024 06:42;Ativo
1145844;114584446;25/02/2018 08:55;Desabilitado
1145941;114594151;11/10/2024 08:36;Ativo
1146018;114601836;05/11/2024 07:12;Ativo
1146297;11462970;15/12/2019 02:38;Desabilitado
1146437;114643752;05/11/2024 04:47;Ativo
1146699;114669946;18/02/2024 12:25;Desabilitado
1146873;11468737;06/02/2024 02:38;Desabilitado
1146910;114691045;05/11/2024 03:14;Ativo
1147388;114738849;26/02/2021 10:07;Desabilitado
1147398;11473984;03/02/2017 01:27;Desabilitado
1147409;114740946;04/02/2024 11:23;Desabilitado
1147646;114764626;05/11/2024 07:22;Ativo
1147675;114767559;28/09/2024 07:58;Ativo
1147678;114767811;20/01/2017 03:18;Ativo
1147747;114774758;05/11/2024 07:15;Ativo
1148172;114817249;15/08/2024 08:05;Ativo
1148373;11483734;02/01/2020 11:50;Desabilitado
1148498;114849846;15/07/2019 07:33;Desabilitado
1148561;114856144;05/11/2024 06:04;Ativo
1148711;114871148;20/12/2022 01:36;Desabilitado
1148920;114892029;04/11/2024 04:29;Ativo
1148928;114892844;10/10/2019 07:44;Desabilitado
1148941;114894134;05/11/2024 05:04;Ativo
1149328;114932811;03/11/2021 02:53;Ativo
1149437;114943729;05/11/2024 06:56;Ativo
1149524;114952448;05/07/2023 09:40;Desabilitado
1149603;114960348;23/12/2022 02:05;Desabilitado
1149819;114981931;05/11/2024 03:49;Ativo
1149989;114998924;05/11/2024 05:24;Ativo
1149998;114999848;05/11/2024 07:18;Ativo
1150327;115032750;15/07/2021 09:28;Desabilitado
1150380;115038012;02/06/2016 10:30;Ativo
1150433;115043319;05/11/2024 04:59;Ativo
1150522;115052255;26/10/2024 09:40;Ativo
1150527;115052756;14/10/2024 01:01;Ativo
1150559;115055944;05/11/2024 06:46;Ativo
1150655;115065545;09/05/2018 07:48;Desabilitado
1150657;115065713;27/08/2017 04:43;Desabilitado
1150765;115076511;30/08/2021 03:21;Ativo
1150810;115081012;01/11/2024 02:37;Ativo
1150926;115092612;23/09/2020 09:33;Ativo
1150935;115093521;05/11/2024 07:25;Ativo
1150949;115094956;15/10/2024 03:19;Ativo
1150958;115095825;25/10/2024 01:06;Ativo
1150988;115098845;26/04/2018 09:42;Desabilitado
1151055;115105525;19/05/2024 08:26;Ativo
1151081;11510812;19/11/2018 06:27;Desabilitado
1151262;115126248;12/08/2015 04:53;Desabilitado
1151274;115127446;01/11/2024 02:35;Ativo
1151353;115135315;11/01/2018 05:40;Desabilitado
1151475;115147526;09/10/2024 07:22;Ativo
1151696;115169647;28/10/2024 04:01;Ativo
1151781;115178141;04/11/2024 08:10;Ativo
1151927;115192749;26/06/2023 10:31;Desabilitado
1151952;115195256;16/07/2024 03:15;Ativo
1151988;115198857;05/11/2024 06:59;Ativo
1152026;115202646;10/01/2020 10:54;Desabilitado
1152162;115216239;05/11/2024 05:20;Ativo
1152197;115219721;05/11/2024 12:46;Ativo
1152291;115229120;30/10/2024 10:50;Ativo
1152346;11523464;05/11/2024 05:47;Ativo
1152512;11525126;05/02/2024 08:55;Desabilitado
1152668;115266812;16/10/2024 01:52;Ativo
1152717;115271726;04/11/2024 01:15;Ativo
1152720;115272057;04/11/2024 07:41;Ativo
1152721;115272146;03/11/2024 07:57;Ativo
1152733;115273313;11/04/2024 03:15;Desabilitado
1152773;115277347;12/10/2023 07:29;Desabilitado
1152778;115277849;05/11/2024 07:25;Ativo
1152788;115278815;04/11/2024 02:29;Ativo
1152789;11527898;05/11/2024 06:55;Ativo
1152791;11527913;05/11/2024 07:26;Ativo
1152792;115279231;05/11/2024 01:50;Ativo
1152840;115284044;02/11/2024 03:08;Ativo
1152846;115284614;24/09/2020 04:19;Ativo
1152851;115285149;23/06/2023 07:47;Desabilitado
1152853;115285311;05/11/2021 09:30;Ativo
1152860;115286053;04/11/2024 10:48;Ativo
1153126;115312612;05/12/2016 02:48;Ativo
1153203;115320331;05/11/2024 07:12;Ativo
1153263;115326323;05/11/2024 05:52;Ativo
1153451;115345149;05/11/2024 04:31;Ativo
1153663;115366337;16/08/2024 02:50;Ativo
1153668;115366831;05/11/2024 06:54;Ativo
1153736;115373649;04/08/2023 11:20;Desabilitado
1153741;115374137;03/07/2024 12:04;Ativo
1153773;115377359;05/11/2024 03:04;Ativo
1154080;115408012;07/10/2024 01:23;Ativo
1154084;115408413;01/05/2024 02:36;Desabilitado
1154225;115422541;05/11/2024 07:24;Ativo
1154262;11542624;05/11/2024 04:09;Ativo
1154371;115437112;05/11/2024 07:27;Ativo
1154372;115437232;01/11/2024 10:54;Ativo
1154382;115438214;05/11/2024 07:25;Ativo
1154412;11544123;05/11/2024 04:39;Ativo
1154434;115443423;05/11/2024 05:46;Ativo
1154546;115454611;28/03/2022 01:15;Ativo
1154729;115472949;22/01/2023 06:10;Desabilitado
1154737;115473746;24/02/2018 08:39;Desabilitado
1154743;11547435;17/10/2022 03:40;Desabilitado
1154744;115474449;21/08/2023 03:53;Desabilitado
1154844;115484448;07/11/2022 03:52;Desabilitado
1154873;115487355;05/11/2024 06:28;Ativo
1154874;11548745;14/11/2017 03:54;Desabilitado
1154974;115497424;05/11/2024 07:28;Ativo
1154977;115497712;13/08/2024 01:05;Ativo
1154998;115499813;10/05/2024 09:23;Desabilitado
1155025;115502559;05/11/2024 07:28;Ativo
1155032;115503213;16/08/2017 08:42;Desabilitado
1155039;115503918;04/11/2024 11:40;Ativo
1155049;115504940;05/11/2024 04:06;Ativo
1155080;115508011;20/01/2022 08:30;Ativo
1155092;115509214;05/11/2024 12:46;Ativo
1155133;115513349;13/12/2022 07:38;Desabilitado
1155134;115513449;28/04/2023 09:41;Desabilitado
1155135;115513557;05/11/2024 07:10;Ativo
1155147;115514732;05/11/2024 04:06;Ativo
1155155;115515542;03/11/2024 06:59;Ativo
1155178;11551783;11/09/2024 09:42;Ativo
1155209;115520916;05/11/2024 06:32;Ativo
1155211;115521133;05/11/2024 07:22;Ativo
1155225;115522516;05/11/2024 08:59;Ativo
1155269;115526950;05/11/2024 05:49;Ativo
1155348;115534810;05/11/2024 06:30;Ativo
1155366;115536618;19/09/2023 12:50;Desabilitado
1155450;115545016;31/10/2024 04:52;Ativo
1155475;115547554;03/11/2024 05:08;Ativo
1155505;115550519;05/11/2024 07:05;Ativo
1155680;115568036;05/11/2024 05:05;Ativo
1155817;115581730;05/11/2024 07:13;Ativo
1155891;115589137;01/11/2024 02:56;Ativo
1155934;11559348;02/11/2024 04:46;Ativo
1156395;115639524;04/11/2024 04:17;Ativo
1156556;115655651;05/11/2024 06:38;Ativo
1156559;115655928;27/10/2024 04:55;Ativo
1156637;115663714;31/08/2024 09:44;Ativo
1156682;115668223;17/06/2024 07:30;Ativo
1156686;11566862;20/09/2018 04:18;Desabilitado
1156748;115674822;05/11/2024 07:17;Ativo
1156762;115676249;16/06/2023 04:54;Desabilitado
1156834;115683424;04/11/2024 08:15;Ativo
1156917;115691744;05/11/2024 04:56;Ativo
1156927;115692752;05/11/2024 07:08;Ativo
1156953;11569535;01/02/2023 10:35;Desabilitado
1157039;115703918;16/09/2023 05:27;Desabilitado
1157166;115716656;07/05/2024 11:57;Desabilitado
1157170;115717046;15/10/2023 09:20;Desabilitado
1157236;115723638;05/11/2024 07:26;Ativo
1157495;115749524;26/09/2024 06:09;Ativo
1157722;115772245;05/11/2024 07:25;Ativo
1157925;115792532;05/11/2024 01:53;Ativo
1157994;115799431;04/11/2024 02:33;Ativo
1158001;11580015;29/10/2024 07:34;Ativo
1158007;115800748;10/06/2021 04:55;Desabilitado
1158023;115802315;03/04/2024 12:53;Desabilitado
1158024;115802424;05/11/2024 07:15;Ativo
1158054;115805416;28/11/2017 02:23;Desabilitado
1158059;115805949;19/07/2023 11:05;Desabilitado
1158065;115806548;03/05/2023 05:37;Desabilitado
1158071;115807112;18/12/2021 11:47;Ativo
1158179;115817912;17/07/2020 07:44;Ativo
1158272;115827241;05/11/2024 06:22;Ativo
1158413;115841316;04/04/2024 07:05;Desabilitado
1158433;115843311;24/03/2022 04:13;Ativo
1158560;115856049;27/09/2024 04:27;Ativo
1158596;11585968;16/10/2024 09:59;Ativo
1159262;115926211;05/11/2024 04:54;Ativo
1159266;115926618;18/09/2023 06:20;Desabilitado
1159276;115927613;27/12/2021 01:54;Ativo
1159302;115930216;15/11/2018 10:32;Desabilitado
1159347;115934712;28/12/2019 12:17;Ativo
1159379;115937912;28/05/2020 03:00;Ativo
1159402;115940212;01/12/2021 04:07;Ativo
1159437;115943731;10/10/2024 03:23;Ativo
1159513;115951337;05/11/2024 06:48;Ativo
1160047;116004721;05/11/2024 12:00;Ativo
1160050;11600508;05/11/2024 06:59;Ativo
1160053;116005312;15/06/2024 09:13;Ativo
1160094;116009419;04/11/2024 02:53;Ativo
1160096;116009648;21/01/2023 05:40;Desabilitado
1160101;116010119;19/03/2024 12:02;Desabilitado
1160103;11601036;04/11/2024 07:24;Ativo
1160132;116013240;04/11/2024 10:18;Ativo
1160134;11601344;15/05/2018 03:40;Desabilitado
1160202;116020225;05/11/2024 06:58;Ativo
1160299;116029916;05/11/2024 07:24;Ativo
1160380;116038011;07/09/2021 05:31;Ativo
1160425;116042513;29/03/2017 06:22;Desabilitado
1164045;116404536;05/11/2024 01:53;Ativo
1164052;116405211;14/04/2020 04:40;Ativo
1164070;116407049;09/11/2022 05:05;Desabilitado
1164083;116408314;05/11/2024 06:42;Ativo
1164098;116409856;01/02/2024 06:26;Desabilitado
1164102;116410240;05/11/2024 03:56;Ativo
1164290;116429013;24/10/2017 10:56;Desabilitado
1165039;11650393;05/11/2024 07:25;Ativo
1165057;11650574;05/11/2024 07:23;Ativo
1165101;116510126;05/11/2024 07:26;Ativo
1165390;116539035;05/11/2024 07:00;Ativo
1165465;11654651;05/11/2024 03:11;Ativo
1165617;116561746;14/06/2018 09:06;Desabilitado
1165692;11656923;05/11/2024 07:24;Ativo
1165834;116583431;29/05/2023 11:27;Ativo
1165870;11658708;05/11/2024 04:29;Ativo
1165931;11659314;05/11/2024 07:27;Ativo
1165961;116596136;30/10/2024 02:29;Ativo
1166000;116600044;05/11/2024 07:27;Ativo
1166011;116601110;04/11/2024 10:32;Ativo
1166086;116608637;05/11/2024 02:31;Ativo
1166097;11660979;13/09/2024 11:35;Ativo
1166113;116611323;16/10/2024 05:42;Ativo
1166616;116661653;05/11/2024 04:39;Ativo
1166701;116670144;31/10/2024 11:27;Ativo
1166757;116675739;12/09/2018 04:07;Desabilitado
1166777;116677748;01/08/2023 12:19;Desabilitado
1166792;116679244;05/11/2024 01:09;Ativo
1166796;116679614;13/05/2024 06:04;Desabilitado
1166797;116679745;30/01/2024 08:23;Desabilitado
1167005;116700540;05/11/2024 08:30;Ativo
1167070;116707018;05/11/2024 07:26;Ativo
1167202;116720220;05/11/2024 05:11;Ativo
1167253;11672531;29/03/2019 06:13;Desabilitado
1167290;116729029;05/11/2024 07:27;Ativo
1167410;116741048;06/06/2022 04:06;Desabilitado
1167565;116756545;09/01/2019 08:37;Desabilitado
1167723;116772318;04/11/2024 01:00;Ativo
1167754;116775424;30/10/2024 10:02;Ativo
1167757;116775744;30/10/2024 10:46;Ativo
1167783;11677839;02/11/2024 09:34;Ativo
1167784;116778424;05/11/2024 06:45;Ativo
1167866;116786622;23/07/2024 04:02;Ativo
1168102;116810214;05/11/2024 09:06;Ativo
1168184;116818428;05/11/2024 09:28;Ativo
1168200;11682006;02/11/2024 08:22;Ativo
1168270;116827027;01/11/2024 03:14;Ativo
1168646;116864637;05/11/2024 02:54;Ativo
1168660;116866012;01/08/2024 03:27;Ativo
1168768;116876859;05/11/2024 05:36;Ativo
1170455;117045548;18/02/2022 04:17;Desabilitado
1170618;11706189;05/11/2024 07:24;Ativo
1170656;117065624;04/11/2024 09:58;Ativo
1170774;117077453;05/11/2024 07:12;Ativo
1170857;117085732;05/11/2024 07:18;Ativo
1170908;117090845;08/05/2019 01:34;Desabilitado
1170920;117092013;27/04/2024 04:22;Desabilitado
1170930;11709307;09/01/2024 03:02;Desabilitado
1170935;117093550;05/11/2024 06:54;Ativo
1170941;11709419;05/11/2024 06:07;Ativo
1170992;117099232;26/09/2024 04:06;Ativo
1171020;117102058;05/11/2024 06:51;Ativo
1171035;117103527;05/11/2024 02:54;Ativo
1171045;117104538;05/11/2024 04:23;Ativo
1171182;11711820;05/11/2024 07:54;Ativo
1171192;11711925;16/02/2023 04:14;Desabilitado
1171307;117130744;05/11/2024 04:42;Ativo
1171325;117132512;29/07/2024 11:49;Ativo
1171525;117152510;28/10/2024 08:57;Ativo
1171629;117162945;09/12/2023 05:02;Desabilitado
1171634;117163412;11/06/2021 05:07;Ativo
1171649;117164913;14/04/2017 04:15;Desabilitado
1171674;117167420;16/10/2024 02:15;Ativo
1171704;117170434;05/11/2024 07:27;Ativo
1171871;11718716;04/11/2024 05:23;Ativo
1172039;117203920;01/11/2024 05:35;Ativo
1172119;117211946;27/11/2018 11:25;Desabilitado
1172124;11721247;18/01/2024 06:41;Desabilitado
1172132;117213232;05/11/2024 07:24;Ativo
1172137;117213712;29/12/2016 12:23;Ativo
1172162;117216242;05/11/2024 07:02;Ativo
1172185;117218518;05/11/2024 06:55;Ativo
1172221;117222140;05/11/2024 06:35;Ativo
1172411;117241142;03/11/2024 03:55;Ativo
1172505;117250549;09/01/2023 08:18;Desabilitado
1173034;117303412;28/07/2024 08:34;Ativo
1173107;117310737;05/11/2024 12:27;Ativo
1173140;117314056;21/09/2024 09:58;Ativo
1173152;11731528;28/12/2023 06:30;Ativo
1173184;117318448;05/11/2024 07:06;Ativo
1173286;117328615;31/12/2017 11:42;Desabilitado
1173310;117331022;13/08/2024 04:41;Ativo
1173381;117338132;31/10/2024 07:40;Ativo
1173890;11738904;17/10/2024 08:18;Ativo
1173893;117389348;08/07/2022 01:39;Desabilitado
1173906;117390625;05/11/2024 06:22;Ativo
1173941;11739419;29/03/2024 03:24;Desabilitado
1173964;117396413;26/06/2024 04:53;Ativo
1173986;117398628;02/11/2024 07:52;Ativo
1174701;117470113;28/10/2024 04:06;Ativo
1174725;11747255;02/11/2024 12:09;Ativo
1174728;117472852;01/11/2024 11:04;Ativo
1174756;117475656;09/07/2024 11:51;Ativo
1174907;117490725;05/11/2024 06:33;Ativo
1174919;11749192;23/08/2024 02:03;Ativo
1175003;117500346;14/10/2018 05:07;Desabilitado
1175005;11750053;04/11/2024 02:50;Ativo
1176309;11763098;05/11/2024 06:47;Ativo
1176536;11765369;05/11/2024 10:01;Ativo
1176570;117657021;03/11/2024 08:33;Ativo
1176635;117663514;05/11/2024 07:25;Ativo
1176696;117669622;04/11/2024 10:13;Ativo
1176731;117673114;05/11/2024 02:35;Ativo
1176800;117680046;05/11/2024 03:29;Ativo
1176855;117685549;07/03/2022 02:43;Desabilitado
1176943;117694325;05/11/2024 05:23;Ativo
1177104;117710422;05/11/2024 06:49;Ativo
1177122;117712252;04/10/2024 12:12;Ativo
1177157;11771571;05/11/2024 11:04;Ativo
1177168;117716810;05/11/2024 02:05;Ativo
1177203;117720325;04/11/2024 09:27;Ativo
1177316;117731657;05/11/2024 01:05;Ativo
1177317;117731724;05/11/2024 04:42;Ativo
1177332;117733249;03/08/2023 12:48;Desabilitado
1177340;117734048;26/03/2022 04:44;Desabilitado
1177436;117743659;05/11/2024 04:28;Ativo
1177482;117748241;05/11/2024 04:59;Ativo
1177516;117751613;20/03/2022 11:54;Ativo
1177585;11775854;05/11/2024 07:19;Ativo
1177644;11776445;05/11/2024 07:28;Ativo
1177657;11776579;05/11/2024 07:28;Ativo
1177688;117768830;05/11/2024 12:36;Ativo
1177738;117773851;05/11/2024 06:17;Ativo
1178079;117807958;05/11/2024 06:12;Ativo
1178111;11781113;05/11/2024 07:25;Ativo
1178238;117823812;29/12/2021 08:02;Ativo
1178252;117825222;02/11/2024 07:39;Ativo
1178261;117826149;26/04/2021 05:48;Desabilitado
1178650;117865050;05/11/2024 04:17;Ativo
1178726;117872653;05/11/2024 04:06;Ativo
1300055;130005537;31/10/2024 02:37;Ativo
1300070;130007058;05/11/2024 07:02;Ativo
1300078;130007811;20/05/2020 06:50;Ativo
1300113;130011331;28/10/2024 06:31;Ativo
1300115;13001156;25/10/2024 02:31;Ativo
1300159;130015953;05/11/2024 07:23;Ativo
1300219;130021914;24/06/2024 03:16;Ativo
1300234;130023445;07/05/2018 08:53;Desabilitado
1300302;13003027;09/01/2024 10:37;Desabilitado
1300459;130045919;22/08/2024 12:48;Ativo
1300672;130067226;05/11/2024 07:26;Ativo
1300731;130073142;04/11/2024 03:35;Ativo
1302053;130205312;05/11/2024 01:50;Ativo
1302097;130209746;04/11/2024 04:31;Ativo
1302368;130236823;05/11/2024 12:24;Ativo
1302629;130262920;05/11/2024 06:39;Ativo
1302631;130263124;05/11/2024 05:31;Ativo
1302688;13026887;05/06/2024 11:03;Ativo
1302730;130273059;05/11/2024 07:22;Ativo
1302773;130277312;07/08/2024 09:18;Ativo
1303003;130300343;23/10/2024 05:46;Ativo
1303024;13030249;27/03/2024 08:51;Desabilitado
1303110;130311042;25/10/2024 04:36;Ativo
1303314;130331421;31/10/2024 04:27;Ativo
1303449;130344932;18/10/2024 09:48;Ativo
1303510;130351028;05/11/2024 12:13;Ativo
1303534;130353422;04/11/2024 08:26;Ativo
1303575;130357518;29/10/2024 10:52;Ativo
1303588;13035880;05/11/2024 10:00;Ativo
1303760;13037606;05/11/2024 06:37;Ativo
1304138;13041384;05/11/2024 11:09;Ativo
1304363;130436356;05/11/2024 07:08;Ativo
1304403;13044034;04/11/2024 02:04;Ativo
1304409;130440915;13/08/2024 04:24;Ativo
1304415;130441552;05/11/2024 04:52;Ativo
1304461;130446121;05/11/2024 06:50;Ativo
1304462;130446212;22/09/2021 06:33;Ativo
1304475;130447536;05/11/2024 12:24;Ativo
1304476;130447624;14/10/2024 12:48;Ativo
1304481;13044817;10/01/2024 11:29;Desabilitado
1304492;130449243;05/11/2024 06:35;Ativo
1304501;130450122;05/11/2024 06:33;Ativo
1304554;130455438;04/11/2024 01:03;Ativo
1304561;130456113;21/09/2024 08:46;Ativo
1304656;130465647;05/11/2024 04:45;Ativo
1304763;130476334;26/09/2024 02:51;Ativo
1304771;130477116;06/06/2022 01:54;Desabilitado
1304781;130478143;04/11/2024 03:09;Ativo
1304809;130480950;04/11/2024 03:22;Ativo
1304818;13048185;31/08/2024 06:35;Ativo
1304821;130482115;04/11/2024 12:35;Ativo
1304822;130482227;05/11/2024 04:56;Ativo
1304835;130483556;29/05/2024 11:40;Ativo
1304886;130488612;26/03/2022 11:06;Ativo
1304925;130492516;05/11/2024 06:48;Ativo
1305060;130506055;26/06/2024 02:29;Ativo
1305104;130510427;05/11/2024 11:13;Ativo
1305106;130510639;30/10/2024 02:30;Ativo
1305322;13053221;05/11/2024 07:24;Ativo
1305440;130544012;09/09/2024 02:14;Ativo
1305472;130547222;05/11/2024 03:40;Ativo
1305505;130550554;05/11/2024 05:44;Ativo
1305561;130556159;01/11/2024 08:57;Ativo
1305567;130556749;12/11/2020 02:05;Desabilitado
1305573;130557344;14/09/2024 04:06;Ativo
1305575;130557538;05/11/2024 07:38;Ativo
1305582;130558213;31/12/1969 09:00;Ativo
1305748;130574828;01/11/2024 03:27;Ativo
1305993;130599334;05/11/2024 06:38;Ativo
1306000;130600013;04/11/2024 11:34;Ativo
1306077;130607738;19/08/2024 11:02;Ativo
1306199;130619944;11/01/2024 11:11;Desabilitado
1306537;130653759;03/11/2024 11:15;Ativo
1306660;130666025;23/10/2024 09:08;Ativo
1306689;130668922;26/10/2024 06:45;Ativo
1306735;130673513;29/06/2024 01:26;Ativo
1306740;130674039;28/09/2024 02:30;Ativo
1306751;130675152;05/11/2024 06:57;Ativo
1306799;130679941;02/11/2024 01:47;Ativo
1306852;130685212;03/07/2024 12:15;Ativo
1306869;130686918;25/07/2024 03:19;Ativo
1306955;13069551;11/10/2024 04:57;Ativo
1306956;130695645;05/11/2024 07:06;Ativo
1306963;130696340;01/11/2024 11:06;Ativo
1307012;130701235;05/11/2024 07:28;Ativo
1307018;130701824;05/11/2024 03:23;Ativo
1307103;130710350;05/11/2024 06:31;Ativo
1307108;130710810;05/11/2024 06:37;Ativo
1307265;130726538;03/11/2024 01:52;Ativo
1307271;130727119;12/03/2024 08:14;Desabilitado
1308033;130803310;26/10/2024 06:48;Ativo
1308902;130890210;16/08/2024 08:01;Ativo
1308967;130896758;01/11/2024 06:24;Ativo
1309515;130951541;05/11/2024 07:22;Ativo
1309855;130985525;05/11/2024 07:22;Ativo
1309864;13098647;02/10/2024 02:04;Ativo
1309881;130988119;05/11/2024 07:19;Ativo
1309943;130994328;01/11/2024 12:09;Ativo
1310184;131018457;30/10/2024 11:45;Ativo
1310189;131018956;06/05/2024 11:42;Desabilitado
1310324;131032453;05/11/2024 07:27;Ativo
1310337;13103374;05/11/2024 05:50;Ativo
1310373;131037325;05/11/2024 06:46;Ativo
1310387;131038726;05/11/2024 07:27;Ativo
1310393;131039311;05/11/2024 01:58;Ativo
1310467;131046757;04/11/2024 12:07;Ativo
1310516;131051654;05/11/2024 04:49;Ativo
1310527;131052744;04/11/2024 07:10;Ativo
1310533;131053349;02/11/2024 02:42;Ativo
1310538;131053832;05/11/2024 01:23;Ativo
1310539;131053944;05/11/2024 07:27;Ativo
1310558;131055854;02/11/2024 04:09;Ativo
1310560;131056051;05/11/2024 06:27;Ativo
1310561;13105618;05/11/2024 04:16;Ativo
1310562;131056222;04/11/2024 08:56;Ativo
1310579;131057939;05/11/2024 06:29;Ativo
1310583;131058311;04/11/2024 05:16;Ativo
1310586;13105861;03/11/2024 05:59;Ativo
1505521;150552155;26/03/2024 10:08;Ativo
1505767;150576755;25/03/2024 02:55;Ativo
1507774;150777428;30/10/2024 04:25;Ativo
